fator_risco_covid,percentual_testes_positivos
Hipertensao,55.8854216067533
Idoso,44.712131271933984
Diabetes,24.196149103670685
Doenca respiratoria,18.979417623067437
Doenca cardiaca,10.547282557146923
Cancer,3.926776059944987
