sintoma,percentual_testes_positivos
Dor de cabeca,55.104139881717664
Tosse,46.92723065055284
Dor muscular,44.84443301619954
Febre,43.790177423502186
Perda de olfato ou paladar,41.424530727693494
Fadiga,40.730264849575725
Dor de garganta,39.52172795062998
Dificuldade de respirar,26.330676266392388
Nausea,21.239393160195423
Dor no peito,20.31370532270507
Dor nos olhos,20.03085626124968
Diarreia,19.5165852404217
